City ID,City,Country,Lat,Lng,Temperature,Humidity,Clouds,Wind Speed
1626542,Sorong,ID,-0.88,131.25,77.27,85,100,7.31
606531,Boden,SE,65.83,21.69,41.0,75,75,5.82
5855927,Hilo,US,19.73,-155.09,76.6,61,1,5.82
610864,Khani,GE,41.96,42.96,59.0,93,0,4.7
5554428,Ketchikan,US,55.34,-131.65,43.52,100,75,2.24
3666640,Tumaco,CO,1.8,-78.82,81.73,76,100,15.05
4030556,Rikitea,PF,-23.12,-134.97,74.05,78,100,21.65
1262403,Murud,IN,18.33,72.97,77.77,88,4,8.05
5122534,Jamestown,US,42.1,-79.24,53.13,34,1,17.22
3369157,Cape Town,ZA,-33.93,18.42,60.85,87,20,9.17
3423146,Ilulissat,GL,69.22,-51.1,39.2,86,75,4.7
3893629,Coquimbo,CL,-29.95,-71.34,59.0,77,75,12.75
2074865,Carnarvon,AU,-24.87,113.63,69.8,68,40,18.34
2156643,Mount Gambier,AU,-37.83,140.77,48.2,87,86,5.82
2655394,Blairgowrie,GB,56.59,-3.34,48.49,83,99,0.94
2109528,Buala,SB,-8.14,159.59,81.14,75,74,4.32
2155415,New Norfolk,AU,-42.78,147.06,40.12,84,60,2.46
2079582,Alyangula,AU,-13.85,136.42,69.8,100,9,4.05
2026861,Berdigestyakh,RU,62.1,126.7,16.27,96,99,7.27
2121385,Severo-Kuril'sk,RU,50.68,156.12,43.12,67,27,15.37
1015776,Bredasdorp,ZA,-34.53,20.04,60.8,82,100,8.05
604490,Luleå,SE,65.58,22.15,41.0,75,75,5.82
4032243,Vaini,TO,-21.2,-175.2,77.0,94,75,16.11
2075265,Busselton,AU,-33.65,115.33,52.77,54,0,11.95
6255012,Flinders,AU,-34.58,150.86,64.27,82,100,1.01
3874787,Punta Arenas,CL,-53.15,-70.92,44.6,87,90,12.75
5106841,Albany,US,42.6,-73.97,56.14,27,0,8.79
3430863,Mar del Plata,AR,-38.0,-57.56,82.4,58,58,11.41
2015306,Tiksi,RU,71.69,128.87,20.79,98,100,9.95
2012956,Yerbogachën,RU,61.28,108.01,25.14,97,100,5.5
3833367,Ushuaia,AR,-54.8,-68.3,48.2,45,40,21.92
4035715,Avarua,CK,-21.21,-159.78,75.2,73,95,8.05
53654,Mogadishu,SO,2.04,45.34,79.34,83,67,13.42
4513583,Hamilton,US,39.18,-84.53,61.63,23,1,5.77
1852357,Shimoda,JP,34.67,138.95,51.01,95,100,1.01
934649,Cap Malheureux,MU,-19.98,57.61,73.0,77,2,3.0
1267390,Kavaratti,IN,10.57,72.64,81.54,79,45,9.69
3356213,Khorixas,NA,-20.37,14.97,71.91,46,0,10.96
5848280,Kapaa,US,22.08,-159.32,75.2,100,75,8.05
3832899,Viedma,AR,-40.81,-63.0,91.99,21,0,5.99
3366880,Hermanus,ZA,-34.42,19.23,61.0,87,100,1.99
4031637,Lavrentiya,RU,65.58,-171.0,37.0,93,52,0.65
2399001,Mayumba,GA,-3.43,10.66,76.93,87,68,6.69
8079926,Labuhan,ID,-6.88,112.21,78.4,78,98,10.54
1278969,Along,IN,28.17,94.77,69.39,87,8,2.08
321062,Birecik,TR,37.03,37.99,61.12,44,0,4.61
3466704,Castro,BR,-24.79,-50.01,73.17,42,12,7.36
1786764,Yichang,CN,30.71,111.28,54.0,68,77,2.33
6185377,Yellowknife,CA,62.46,-114.35,25.32,85,90,17.22
6355222,Yulara,AU,-25.24,130.99,68.0,56,0,16.11
2035593,Nianzishan,CN,47.52,122.88,34.03,79,0,7.2
5983720,Iqaluit,CA,63.75,-68.51,35.6,69,40,11.41
3831208,Qaanaaq,GL,77.48,-69.36,33.37,87,96,5.37
945945,Upington,ZA,-28.45,21.26,86.0,9,0,3.36
1714733,Dingle,PH,11.0,122.67,75.76,90,100,3.67
3372964,Lagoa,PT,39.05,-27.98,63.09,69,96,19.57
2163355,Hobart,AU,-42.88,147.33,41.86,93,45,6.93
3412093,Vestmannaeyjar,IS,63.44,-20.27,44.6,87,75,8.05
3870243,Taltal,CL,-25.4,-70.48,65.53,56,24,7.25
4954611,Watertown,US,42.37,-71.18,56.16,44,1,17.22
933995,Souillac,MU,-20.52,57.52,73.4,78,40,3.36
6201424,Mataura,NZ,-46.19,168.86,46.99,80,88,1.99
2126710,Beringovskiy,RU,63.05,179.32,36.3,79,50,3.33
964432,Port Alfred,ZA,-33.59,26.89,65.5,85,54,10.38
569295,Cherëmukhovo,RU,60.35,59.99,30.16,97,9,5.79
118826,Rāmhormoz,IR,31.28,49.6,77.0,17,0,4.7
2514651,Los Llanos de Aridane,ES,28.66,-17.92,69.49,69,75,6.11
3652764,Puerto Ayora,EC,-0.74,-90.35,75.18,57,75,17.22
5866583,Saint Paul Harbor,US,57.79,-152.41,46.4,65,90,5.82
1282714,Tānsen,NP,27.87,83.55,61.97,100,0,2.8
5973108,Hearst,CA,49.68,-83.67,40.48,68,73,6.87
546105,Nikolskoye,RU,59.7,30.79,39.38,69,75,6.71
1688859,San Nicolas,PH,18.17,120.6,77.0,88,20,2.24
3105522,Bereda,ES,43.27,-7.54,53.76,93,86,1.99
5546220,Saint George,US,37.1,-113.58,66.2,16,1,1.23
2686469,Örnsköldsvik,SE,63.29,18.72,35.6,76,41,4.7
5880054,Barrow,US,71.29,-156.79,15.8,78,1,14.99
2206939,Bluff,NZ,-46.6,168.33,46.99,80,89,1.99
1701054,Marawi,PH,8.0,124.29,75.0,92,100,4.0
2094342,Kavieng,PG,-2.57,150.8,82.18,70,100,4.81
2019004,Novaya Igirma,RU,57.13,103.91,41.25,91,100,10.04
1490256,Talnakh,RU,69.49,88.4,24.8,85,100,20.13
1263898,Mandapeta,IN,16.87,81.93,77.14,93,41,1.81
2122090,Pevek,RU,69.7,170.31,29.55,98,99,20.18
3381041,Mana,GF,5.66,-53.78,86.52,63,46,11.12
532715,Lyskovo,RU,56.03,45.04,34.79,88,3,3.0
1242110,Kalmunai,LK,7.42,81.82,80.58,75,99,2.17
1282256,Hithadhoo,MV,-0.6,73.08,83.66,78,82,19.28
2126123,Chokurdakh,RU,70.63,147.92,21.99,98,87,3.09
3421765,Nanortalik,GL,60.14,-45.24,40.8,88,91,2.68
964420,Port Elizabeth,ZA,-33.92,25.57,60.8,93,75,17.22
69500,Zabid,YE,14.2,43.32,88.75,52,1,2.51
2194098,Ahipara,NZ,-35.17,173.17,49.19,77,39,2.1
3893726,Constitución,CL,-35.33,-72.42,59.49,69,54,11.79
57000,Hobyo,SO,5.35,48.53,80.02,80,27,17.92
2264557,Ponta do Sol,PT,32.67,-17.1,66.0,68,40,11.41
3652758,Puerto Baquerizo Moreno,EC,-0.9,-89.6,75.2,73,75,10.29
1261853,Narasannapeta,IN,18.42,84.05,79.05,86,62,5.14
6089245,Norman Wells,CA,65.28,-126.83,17.6,72,20,3.36
3666475,Unguía,CO,8.04,-77.09,86.02,75,99,2.01
1090467,Boueni,YT,-12.9,45.08,80.6,78,75,5.82
4696788,Hays,US,30.05,-98.03,68.76,88,90,4.7
3418910,Upernavik,GL,72.79,-56.15,36.54,90,100,27.92
2077895,Alice Springs,AU,-23.7,133.88,73.4,60,95,9.17
113659,Tabas,IR,33.6,56.92,64.4,15,0,4.7
2312888,Mbanza-Ngungu,CD,-5.25,14.87,74.35,86,93,5.03
5690532,Minot,US,48.23,-101.3,32.0,67,1,21.92
6170031,Tuktoyaktuk,CA,69.45,-133.04,15.8,85,5,5.82
2110227,Butaritari,KI,3.07,172.79,81.54,81,4,14.58
4013679,Coahuayana Viejo,MX,18.73,-103.68,84.2,58,75,2.62
2335727,Kaduna,NG,10.52,7.44,79.63,61,21,4.25
2014078,Urusha,RU,54.05,122.9,21.07,84,21,4.5
2014624,Udachny,RU,66.42,112.4,6.8,100,0,2.24
5110365,Broome,US,42.25,-75.83,53.26,43,1,9.17
5563839,Fortuna,US,40.6,-124.16,63.21,72,20,8.34
3137469,Sørland,NO,67.67,12.69,42.87,67,100,42.97
2013465,Verkhoyansk,RU,67.54,133.38,15.85,95,100,6.6
3421982,Maniitsoq,GL,65.42,-52.9,39.47,93,98,14.72
3443061,Chui,UY,-33.7,-53.46,73.71,63,17,11.07
3374083,Bathsheba,BB,13.22,-59.52,86.0,74,75,13.87
3877918,Ovalle,CL,-30.6,-71.2,87.21,20,0,11.72
544084,Koslan,RU,63.46,48.9,29.35,96,88,6.55
3932145,Pisco,PE,-13.7,-76.22,68.0,77,40,11.41
1185148,Patiya,BD,22.29,91.98,77.4,91,100,4.34
2629833,Husavik,IS,66.04,-17.34,41.0,86,40,6.93
2122614,Ekhabi,RU,53.51,142.97,33.76,91,89,9.28
103630,Najrān,SA,17.49,44.13,75.2,22,0,5.82
779622,Havøysund,NO,71.0,24.66,34.74,86,75,21.92
5577158,Fort Morgan,US,40.25,-103.8,66.2,22,1,6.93
554297,Kalikino,RU,52.95,39.83,44.6,75,40,13.42
3359638,Walvis Bay,NA,-22.96,14.51,59.97,77,14,4.7
4160812,Key West,US,24.56,-81.78,88.18,66,20,12.75
690556,Uyutnoye,UA,45.2,33.3,68.67,82,97,19.01
6165406,Thompson,CA,55.74,-97.86,30.2,80,90,4.7
2178753,Kirakira,SB,-10.45,161.92,78.91,79,31,6.08
934322,Mahébourg,MU,-20.41,57.7,73.4,78,40,3.36
933178,Pandamatenga,BW,-18.53,25.63,77.11,21,0,5.17
1563281,Tuy Hoa,VN,13.08,109.3,76.17,88,100,3.89
2092164,Lorengau,PG,-2.02,147.27,81.21,79,98,9.46
2181625,Te Anau,NZ,-45.42,167.72,43.7,91,96,1.25
1787646,Yangcun,CN,39.36,117.06,58.59,47,0,6.71
64435,Berbera,SO,10.44,45.01,86.2,55,0,3.94
2070998,Geraldton,AU,-28.77,114.6,64.4,72,41,12.75
1814906,Chongqing,CN,29.56,106.55,58.17,93,90,2.24
229112,Moroto,UG,2.53,34.67,70.92,70,95,5.48
2138555,Poum,NC,-20.23,164.02,72.09,79,23,9.84
2021031,Kyren,RU,51.68,102.14,36.52,73,35,3.4
1586185,Cao Bang,VN,22.67,106.25,62.89,76,85,2.8
2013639,Verkhnevilyuysk,RU,63.45,120.32,12.69,96,0,4.29
3424607,Tasiilaq,GL,65.61,-37.64,35.6,74,40,20.8
544318,Kosa,RU,59.94,55.0,31.5,95,89,8.34
3382160,Cayenne,GF,4.93,-52.33,91.4,46,20,11.41
1507390,Dikson,RU,73.51,80.55,14.97,96,40,20.87
3466980,Caravelas,BR,-17.71,-39.25,77.67,65,81,11.97
1490042,Tashtagol,RU,52.77,87.89,41.67,75,100,4.12
2127060,Arman',RU,59.7,150.17,29.75,88,21,1.19
3404558,Cabedelo,BR,-6.98,-34.83,84.2,62,20,17.22
49747,Oddur,SO,4.12,43.89,77.23,71,81,11.12
5367788,Lompoc,US,34.64,-120.46,79.72,29,1,3.36
2377457,Nouadhibou,MR,20.93,-17.03,78.8,57,0,14.99
3354071,Oranjemund,NA,-28.55,16.43,60.21,82,3,12.15
1651810,Airai,TL,-8.93,125.41,60.33,94,65,1.05
1067565,Beloha,MG,-25.17,45.05,66.38,77,16,18.3
2229681,Lagdo,CM,9.05,13.73,86.0,74,20,3.36
2347758,Bara,NG,10.37,10.73,83.91,57,44,8.08
286621,Salalah,OM,17.02,54.09,78.8,74,0,1.12
3687238,Cartagena,CO,10.4,-75.51,89.6,75,75,8.05
2189630,Hunterville,NZ,-39.93,175.57,44.64,91,10,1.01
3530103,San Miguel de Cozumel,MX,20.51,-86.95,86.86,70,75,13.87
654899,Kajaani,FI,64.23,27.73,41.0,93,90,8.05
1630639,Pringsewu,ID,-5.36,104.97,74.89,92,58,4.5
1529484,Kumul,CN,42.8,93.45,48.11,42,0,7.63
1649150,Bengkulu,ID,-3.8,102.27,77.43,83,100,2.77
3924908,Pimenta Bueno,BR,-11.67,-61.19,98.62,30,22,2.62
1830377,Lumphat,KH,13.49,106.98,72.5,98,100,2.48
1819729,Hong Kong,HK,22.29,114.16,69.31,75,64,10.0
3421719,Narsaq,GL,60.92,-46.05,44.6,65,20,3.36
1310120,Mawlaik,MM,23.63,94.42,75.0,94,86,1.57
330534,Mīzan Teferī,ET,6.98,35.58,61.61,89,26,2.39
5859699,College,US,64.86,-147.8,15.26,72,75,4.7
2137773,Vao,NC,-22.67,167.48,69.91,65,6,10.69
2126199,Cherskiy,RU,68.75,161.3,19.45,96,67,9.37
1337613,Kulhudhuffushi,MV,6.62,73.07,82.18,77,8,12.8
3405215,Bonfim,BR,3.08,-59.95,96.01,34,88,7.38
1528998,Yumen,CN,40.28,97.2,36.63,65,9,5.26
2112802,Hasaki,JP,35.73,140.83,52.56,93,75,5.82
1788508,Xinyu,CN,27.8,114.93,57.63,90,96,3.74
3607419,La Masica,HN,15.62,-87.12,83.28,88,40,2.24
105298,Jizan,SA,17.33,42.67,87.8,66,0,5.82
2112309,Katsuura,JP,35.13,140.3,54.55,87,75,10.29
2022572,Khatanga,RU,71.97,102.5,2.26,90,11,7.78
3883457,Lebu,CL,-37.62,-73.65,53.73,76,57,9.01
6690296,Saint-Joseph,RE,-21.37,55.62,70.77,73,37,4.7
2618795,Klaksvík,FO,62.23,-6.59,37.4,69,100,4.7
5768233,Rapid City,US,44.08,-103.23,32.32,74,90,20.8
3374210,São Filipe,CV,14.9,-24.5,81.36,75,23,1.68
4156404,Gainesville,US,29.65,-82.32,81.0,61,20,11.41
2396518,Port-Gentil,GA,-0.72,8.78,78.8,88,75,11.41
570455,Buzdyak,RU,54.58,54.55,35.04,85,0,5.61
935215,Saint-Philippe,RE,-21.36,55.77,68.65,73,47,4.7
95788,Hīt,IQ,33.64,42.83,77.85,21,0,8.46
2229748,Kumbo,CM,6.2,10.67,61.14,92,74,2.82
3981432,Todos Santos,MX,23.45,-110.22,83.48,82,0,3.0
2729907,Longyearbyen,SJ,78.22,15.64,21.2,79,40,4.7
2180815,Tuatapere,NZ,-46.13,167.68,46.99,80,75,1.99
1623197,Tual,ID,-5.67,132.75,80.47,84,68,15.88
3471451,Arraial do Cabo,BR,-22.97,-42.03,77.0,50,20,8.05
1634614,Nabire,ID,-3.37,135.48,76.75,90,96,4.36
244878,Biltine,TD,14.53,20.92,91.53,11,32,5.7
3379316,Lethem,GY,3.38,-59.8,97.47,31,87,3.76
5866063,Kenai,US,60.55,-151.26,28.87,74,75,6.08
2122574,Ola,RU,59.58,151.28,32.2,91,62,6.64
494846,Shepsi,RU,44.04,39.15,70.54,55,0,4.59
3369179,Caledon,ZA,-34.23,19.43,61.0,87,100,1.99
1855540,Naze,JP,28.37,129.48,73.4,94,75,18.34
5919850,Chapais,CA,49.78,-74.85,42.8,57,75,9.17
53372,Oodweyne,SO,9.41,45.06,77.77,41,5,5.08
5380437,Pacific Grove,US,36.62,-121.92,75.13,26,1,2.66
1518139,Tobol,KZ,52.68,62.58,41.23,66,31,7.87
728674,Obzor,BG,42.82,27.88,61.36,63,90,5.82
162199,Annau,TM,37.89,58.52,59.0,30,0,6.93
6111862,Port Hardy,CA,50.7,-127.42,51.8,81,75,5.82
4020109,Atuona,PF,-9.8,-139.03,78.31,72,2,18.86
4021858,Guerrero Negro,MX,27.98,-114.06,84.04,44,22,8.08
4036284,Alofi,NU,-19.06,-169.92,78.8,88,100,6.93
698770,Ochakiv,UA,46.61,31.55,59.0,77,96,6.71
5905393,Bonavista,CA,48.65,-53.11,52.0,82,98,1.99
1244926,Hambantota,LK,6.12,81.12,77.0,100,80,6.93
3445679,Uruguaiana,BR,-29.75,-57.09,91.4,49,75,5.82
3448903,São João da Barra,BR,-21.64,-41.05,77.0,57,75,11.41
187585,Marsabit,KE,2.33,37.99,73.38,56,36,20.62
3347019,Mossamedes,AO,-15.2,12.15,72.05,69,23,11.48
4047434,Russell,US,32.35,-85.2,70.07,40,1,9.17
1562414,Vung Tau,VN,10.35,107.08,80.49,80,100,12.62
236524,Rafai,CF,4.95,23.92,72.45,86,12,1.63
1254046,Tura,IN,25.52,90.22,75.09,93,16,2.37
2643044,Margate,GB,51.38,1.39,52.03,78,51,1.99
1064234,Ikongo,MG,-21.88,47.43,67.08,90,97,3.65
5354943,Half Moon Bay,US,37.46,-122.43,78.42,33,1,3.36
2063042,Port Hedland,AU,-20.32,118.57,71.6,83,0,12.75
4148757,Brandon,US,27.94,-82.29,86.54,52,1,9.17
4726521,San Patricio,US,28.02,-97.52,81.14,65,40,8.05
2013279,Vostok,RU,46.49,135.88,35.55,89,75,8.99
1497337,Kayerkan,RU,69.35,87.76,24.8,85,100,20.13
2017155,Saskylakh,RU,71.92,114.08,13.26,96,100,6.35
3166509,Siniscola,IT,40.57,9.69,55.4,66,6,8.05
2120047,Ust'-Omchug,RU,61.15,149.63,16.29,89,68,3.87
527740,Melenki,RU,55.33,41.63,35.02,86,64,5.44
1280037,Shache,CN,38.42,77.24,45.28,49,0,4.32
102527,Sakakah,SA,29.97,40.21,77.0,17,0,5.82
962367,Richards Bay,ZA,-28.78,32.04,72.79,78,0,16.73
3702577,Portobelo,PA,9.55,-79.65,84.29,74,75,6.93
2171099,Codrington,AU,-38.27,141.97,47.82,87,46,9.22
3448011,Saquarema,BR,-22.92,-42.51,77.0,50,20,8.05
2266895,Machico,PT,32.7,-16.77,66.7,68,40,11.41
4034496,Fare,PF,-16.7,-151.02,79.77,75,16,2.75
2303611,Esim,GH,4.87,-2.24,77.92,88,63,10.27
2122783,Katangli,RU,51.71,143.23,37.02,81,96,10.4
1337605,Mahibadhoo,MV,3.78,72.97,82.69,77,79,16.53
3576994,Cockburn Town,TC,21.46,-71.14,87.8,66,40,12.75
3451138,Rio Grande,BR,-32.03,-52.1,69.58,69,19,16.96
5983607,Inuvik,CA,68.35,-133.72,15.8,61,5,3.36
338832,Dire Dawa,ET,9.59,41.87,71.87,45,34,8.28
525426,Sobolevo,RU,54.43,31.9,39.85,88,100,14.2
6167817,Torbay,CA,47.67,-52.73,55.08,100,90,8.05
2470260,Djebeniana,TN,35.03,10.91,68.0,60,34,4.7
5282297,Bethel,US,41.37,-73.41,56.21,35,1,10.29
1106677,Bambous Virieux,MU,-20.34,57.76,73.22,78,40,3.36
2304548,Anloga,GH,5.79,0.9,78.8,88,40,6.93
3351663,Benguela,AO,-12.58,13.41,75.67,82,95,5.41
1256486,Shirgaon,IN,19.7,72.7,81.14,82,8,11.36
3111107,Salamanca,ES,40.83,-6.0,57.2,47,56,1.12
3372783,Ponta Delgada,PT,37.73,-25.67,68.0,64,20,14.99
3628473,San Cristobal,VE,7.77,-72.22,95.0,34,40,20.8
3346015,Sumbe,AO,-11.21,13.84,75.61,81,70,4.23
5924351,Clyde River,CA,70.47,-68.59,37.4,83,90,16.11
2636790,Stornoway,GB,58.21,-6.39,47.28,81,75,9.17
5972762,Hay River,CA,60.82,-115.8,24.8,79,90,20.8
5969025,Haines Junction,CA,60.75,-137.51,18.0,74,0,2.95
534560,Lodeynoye Pole,RU,60.73,33.55,38.79,76,100,10.6
6533368,Moranbah,AU,-22.0,148.05,60.22,90,0,5.97
5558953,Arcata,US,40.87,-124.08,61.23,87,1,6.93
3430443,Necochea,AR,-38.55,-58.74,78.51,63,0,12.41
3985710,Cabo San Lucas,MX,22.89,-109.91,86.47,74,40,10.29
2141714,Bourail,NC,-21.57,165.48,64.78,84,1,3.98
1337606,Eydhafushi,MV,5.1,73.07,82.54,77,64,15.21
2128025,Shizunai-furukawachō,JP,42.33,142.37,51.66,64,5,3.44
935616,Le Port,RE,-20.94,55.29,65.14,88,20,5.82
2297810,Mumford,GH,5.26,-0.76,78.13,88,66,12.24
301975,Samandağ,TR,36.08,35.98,75.2,73,20,12.75
415189,Aden,YE,12.78,45.04,84.99,65,0,8.52
3175096,Laas,IT,46.62,10.7,42.55,75,40,8.05
1485284,Zelenogorskiy,RU,55.03,87.0,51.8,50,95,13.42
1636544,Manado,ID,1.49,124.85,73.4,94,40,2.24
3372472,Vila Franca do Campo,PT,37.72,-25.43,68.0,64,20,14.99
2441447,Maïné Soroa,NE,13.21,12.02,95.27,14,0,14.97
780687,Berlevåg,NO,70.86,29.09,32.0,73,40,3.36
4465088,Elizabeth City,US,36.29,-76.25,62.94,39,1,19.46
2641598,Newport,GB,51.59,-3.0,48.51,84,79,8.86
1583992,Turan,VN,16.07,108.22,75.2,100,75,1.12
2020311,Mamakan,RU,57.82,114.0,24.19,93,100,4.74
1812728,Dingzhou,CN,38.51,115.0,46.4,65,0,4.47
2065594,Mount Isa,AU,-20.73,139.5,66.2,42,0,4.85
2123814,Leningradskiy,RU,69.38,178.42,28.06,90,0,10.56
1121143,Zabul Province,AF,32.25,67.25,43.99,42,0,6.8
2012530,Zhigansk,RU,66.77,123.37,13.21,94,99,8.86
935214,Saint-Pierre,RE,-21.34,55.48,68.74,73,30,4.7
2125945,Dolinsk,RU,47.35,142.8,35.6,93,44,2.24
1521153,Mamlyutka,KZ,54.94,68.54,36.54,77,48,16.42
2068110,Kununurra,AU,-15.77,128.73,78.8,94,2,1.12
2208248,Kaitangata,NZ,-46.28,169.85,48.0,78,92,3.42
5864145,Homer,US,59.64,-151.55,35.08,74,1,2.82
4993659,Garden City,US,42.33,-83.33,54.09,40,75,8.05
2512186,Puerto del Rosario,ES,28.5,-13.86,71.6,68,20,5.82
2125906,Dukat,RU,62.55,155.55,20.46,84,91,6.73
1626703,Soe,ID,-9.86,124.28,66.22,82,76,2.59
108410,Riyadh,SA,24.69,46.72,75.2,25,0,2.24
2513115,Onda,ES,39.97,-0.25,60.01,70,51,0.87
3356832,Henties Bay,NA,-22.12,14.28,59.0,90,17,1.99
2270385,Camacha,PT,33.08,-16.33,69.8,60,20,10.29
1513491,Yangi Marg`ilon,UZ,40.43,71.72,53.6,62,6,9.17
1525988,Ayagoz,KZ,47.97,80.44,46.94,49,1,5.93
3620645,Bonanza,NI,14.03,-84.59,83.68,78,17,5.53
6943832,Riviere-au-Renard,CA,49.0,-64.4,48.2,93,90,5.82
3894426,Coyhaique,CL,-45.58,-72.07,60.8,38,75,11.41
2121025,Srednekolymsk,RU,67.45,153.68,24.44,98,85,8.97
4031574,Provideniya,RU,64.38,-173.3,36.57,92,83,1.19
2738381,Lata,PT,40.16,-8.33,62.85,89,77,1.1
554153,Kalino,RU,58.25,57.61,33.24,91,88,8.55
5895424,Bay Roberts,CA,47.6,-53.26,59.52,1,60,10.45
2286304,Korhogo,CI,9.45,-5.63,81.28,71,62,3.6
5364271,Laguna,US,38.42,-121.42,80.47,26,1,1.48
1037125,Montepuez,MZ,-13.13,39.0,78.62,49,32,3.74
614740,Jvari,GE,42.72,42.05,66.38,33,0,7.43
1853174,Sakaiminato,JP,35.55,133.23,50.0,93,24,4.7
3460942,Itacarambi,BR,-15.1,-44.09,91.71,38,31,7.09
3995236,Mulegé,MX,26.88,-111.98,94.57,21,0,5.88
5861897,Fairbanks,US,64.84,-147.72,15.31,72,75,4.7
3388456,São José da Coroa Grande,BR,-8.9,-35.15,80.37,69,44,11.39
4556050,Woodward,US,36.43,-99.39,70.74,26,1,13.87
1798760,Pingliang,CN,35.54,106.69,47.34,54,49,5.93
1640902,Kawalu,ID,-7.38,108.21,72.25,91,99,2.57
6173220,Valleyview,CA,55.07,-117.29,23.02,76,3,9.1
550918,Bolshaya Dzhalga,RU,45.97,42.7,65.89,49,0,12.75
1490036,Tashtyp,RU,52.79,89.9,42.06,67,100,2.91
1262392,Musāfir-Khāna,IN,26.37,81.8,78.26,43,0,3.2
3168764,Sabaudia,IT,41.3,13.03,55.0,89,11,7.07
1529376,Korla,CN,41.76,86.15,48.33,46,0,2.51
1006984,East London,ZA,-33.02,27.91,60.8,93,33,9.17
5882953,Aklavik,CA,68.22,-135.01,10.4,92,5,5.82
2071860,Esperance,AU,-33.87,121.9,48.2,100,0,8.05
2037485,Erenhot,CN,43.65,111.98,41.99,58,7,2.66
2033196,Zhangjiakou,CN,40.81,114.88,45.32,49,1,3.22
2122493,Omsukchan,RU,62.53,155.8,22.33,82,89,5.26
2173911,Broken Hill,AU,-31.95,141.43,46.4,87,78,13.87
1214488,Meulaboh,ID,4.14,96.13,75.47,89,100,5.46
256952,Milos,GR,36.75,24.43,75.2,83,100,9.17
1224061,Wattegama,LK,6.8,81.48,77.0,100,41,6.93
2236967,Soyo,AO,-6.13,12.37,77.47,84,76,10.11
3571913,Marsh Harbour,BS,26.54,-77.06,82.31,74,100,17.36
3100637,Darłowo,PL,54.42,16.41,46.0,82,42,2.15
5597955,Kuna,US,43.49,-116.42,64.29,45,1,11.41
3697838,Contamana,PE,-7.33,-75.02,92.16,42,27,6.33
371745,Kutum,SD,14.2,24.67,82.24,15,30,9.73
2447513,Arlit,NE,18.74,7.39,97.45,10,0,8.75
2084442,Vanimo,PG,-2.67,141.3,77.13,86,100,3.42
3945985,Camaná,PE,-16.62,-72.71,68.32,63,44,8.01
5856516,‘Āhuimanu,US,21.44,-157.84,77.41,83,20,2.62
3670218,San Andrés,CO,12.58,-81.7,89.6,70,40,11.41
1785462,Zaoyang,CN,32.13,112.75,55.2,63,63,4.63
2476660,Tigzirt,DZ,36.89,4.12,64.31,49,0,3.38
1529626,Baijiantan,CN,45.63,85.18,48.31,48,0,1.59
1274848,Chamba,IN,32.57,76.13,62.98,41,0,5.64
3466165,Cidreira,BR,-30.18,-50.21,69.37,69,32,18.63
3691582,Talara,PE,-4.58,-81.27,77.0,65,23,13.87
2171465,Clarence Town,AU,-32.58,151.78,69.62,60,90,16.11
5847411,Kahului,US,20.89,-156.47,75.78,65,20,3.36
3837056,San Luis,AR,-33.3,-66.34,92.82,19,0,9.73
1516048,Khovd,MN,48.01,91.64,33.73,78,1,1.03
6096551,Pangnirtung,CA,66.15,-65.71,35.6,88,90,20.8
2128975,Nemuro,JP,43.32,145.57,53.92,82,1,9.95
5557293,Sitka,US,57.05,-135.33,41.0,56,75,6.93
556268,Ostrovnoy,RU,68.05,39.51,30.06,93,12,2.86
6324729,Halifax,CA,44.65,-63.57,60.17,97,100,7.0
2145554,Ulladulla,AU,-35.35,150.47,59.52,72,40,8.05
2630299,Hofn,IS,64.25,-15.21,39.96,87,100,6.82
2446796,Bilma,NE,18.69,12.92,88.61,14,0,2.53
1257749,Saint Thomas Mount,IN,13.0,80.2,82.4,78,75,2.24
4004293,Ixtapa,MX,20.7,-105.2,89.31,62,5,3.36
1493870,Pyshma,RU,56.95,63.25,33.21,90,46,13.51
112656,Tonekābon,IR,36.82,50.87,62.6,82,0,4.7
2036753,Huanan,CN,46.22,130.52,40.89,74,50,9.66
1151528,Pa Sang,TH,18.53,98.94,78.8,61,75,11.41
3065873,Slatiňany,CZ,49.92,15.81,42.24,81,100,4.7
218680,Boende,CD,-0.22,20.87,73.78,95,77,2.93
2561668,Santa Cruz,MA,30.42,-9.6,68.0,64,0,9.17
2030065,Mandalgovi,MN,45.76,106.27,34.2,79,30,6.98
1267819,Karauli,IN,26.5,77.02,81.64,36,0,4.25
1488708,Ubinskoye,RU,55.31,79.68,53.73,50,100,24.43
1793286,Tangzhai,CN,34.43,116.59,57.99,58,16,3.74
293842,Kiryat Gat,IL,31.61,34.76,73.65,70,0,7.02
4174715,Tallahassee,US,30.44,-84.28,75.69,41,1,8.05
6542289,Creazzo,IT,45.53,11.48,55.04,90,1,0.51
3131824,Vigrestad,NO,58.57,5.7,44.01,96,84,5.01
2278158,Buchanan,LR,5.88,-10.05,84.2,79,75,6.93
3641351,El Tigre,VE,8.89,-64.25,89.13,52,93,7.67
3664980,Boa Vista,BR,2.82,-60.67,95.0,39,75,6.93
3400920,Elesbão Veloso,BR,-6.2,-42.14,104.65,15,82,4.56
6148373,Sioux Lookout,CA,50.1,-91.92,37.4,40,75,4.7
3385980,Tucumã,BR,-0.18,-50.05,89.85,52,74,10.56
3372707,Ribeira Grande,PT,38.52,-28.7,66.2,63,40,9.17
236901,Ouadda,CF,8.08,22.4,70.97,87,81,2.91
3355672,Lüderitz,NA,-26.65,15.16,69.17,45,0,20.42
6323121,Florianópolis,BR,-27.61,-48.5,76.46,60,20,11.41
5888716,Aylmer,CA,42.77,-80.98,50.68,46,20,10.29
1688696,San Policarpo,PH,12.18,125.51,80.85,81,100,5.41
1495626,Pangody,RU,65.85,74.49,26.78,96,100,20.4
2136825,Isangel,VU,-19.55,169.27,68.0,88,20,12.77
1572151,Nha Trang,VN,12.25,109.18,80.6,83,75,3.36
1499053,Megion,RU,61.03,76.11,28.4,100,75,11.18
2374583,Bubaque,GW,11.28,-15.83,83.71,77,98,8.1
2964405,Ennis,IE,52.84,-8.99,51.4,76,75,9.17
6166142,Thunder Bay,CA,48.4,-89.32,37.67,68,90,11.41
3461408,Ilhéus,BR,-14.79,-39.05,76.62,88,64,7.43
3533462,Acapulco de Juárez,MX,16.86,-99.89,86.0,79,75,6.93
86049,Jalu,LY,29.03,21.55,85.44,19,17,9.37
211647,Lodja,CD,-3.48,23.43,71.78,93,71,1.68
3492985,Santa Cruz de Barahona,DO,18.21,-71.1,87.8,74,40,13.87
1735106,George Town,MY,5.41,100.34,81.39,83,20,1.97
3452599,Posse,BR,-14.09,-46.37,97.79,14,28,4.0
3693584,Pimentel,PE,-6.84,-79.93,73.4,60,20,12.75
3598787,Champerico,GT,14.3,-91.92,89.6,59,40,9.17
2013406,Vidim,RU,56.41,103.11,40.48,91,100,10.31
3616253,Siuna,NI,13.73,-84.78,84.78,82,12,4.52
3126369,Carballo,ES,43.21,-8.69,57.2,77,44,6.93
3032797,Biarritz,FR,43.48,-1.56,55.76,71,93,3.36
3520994,Puerto Escondido,MX,15.85,-97.07,86.0,66,75,4.7
1218612,Murgab,TM,37.5,61.97,57.2,47,0,4.85
1804979,Juegang,CN,32.32,121.19,59.16,60,65,4.54
3459550,Juatuba,BR,-19.95,-44.34,71.6,68,75,12.75
1643078,Indramayu,ID,-6.33,108.32,82.18,72,60,5.03
2240449,Luanda,AO,-8.84,13.23,78.8,78,40,11.41
1785036,Zhangye,CN,38.93,100.45,43.45,49,32,4.29
2108502,Honiara,SB,-9.43,159.95,75.2,94,20,3.87
157429,Kilindoni,TZ,-7.91,39.67,78.6,77,26,10.4
1855342,Nishihara,JP,26.18,127.76,74.66,94,40,5.82
2243271,Cabinda,AO,-5.55,12.2,77.63,83,51,9.37
3614835,Barra Patuca,HN,15.8,-84.28,81.82,84,81,5.88
172515,Abu Samrah,SY,35.3,37.18,63.46,38,8,1.57
3573374,The Valley,AI,18.22,-63.06,84.2,74,20,11.41
3373329,Arrifes,PT,37.77,-25.7,68.0,64,20,14.99
3839982,Punta Alta,AR,-38.88,-62.07,86.11,32,0,7.78
1804208,Leiyang,CN,26.4,112.86,57.54,93,99,3.89
5422191,Fountain,US,38.68,-104.7,71.42,10,1,4.7
3355595,Mariental,NA,-24.63,17.97,83.3,14,57,6.98
478781,Urazovo,RU,50.08,38.04,62.91,63,100,11.52
2281951,Sassandra,CI,4.95,-6.08,77.7,88,66,8.25
1180729,Dalbandin,PK,28.89,64.41,56.8,29,0,4.97
2381972,Adrar,MR,20.5,-10.07,95.16,14,3,6.89
7372400,Weihe,CN,33.0,105.32,46.83,85,99,0.56
2019945,Mishelevka,RU,52.86,103.17,35.24,82,91,3.36
4781708,Richmond,US,37.55,-77.46,61.65,36,20,10.29
2704613,Hudiksvall,SE,61.73,17.1,41.92,68,89,8.05
1639304,Kualakapuas,ID,-3.01,114.39,75.2,100,20,2.24
2063030,Port Pirie,AU,-33.18,138.02,55.4,66,90,12.75
893485,Chiredzi,ZW,-21.05,31.67,77.29,51,0,7.02
6316343,Alta Floresta,BR,-9.88,-56.09,94.5,32,43,1.83
3146487,Raudeberg,NO,61.99,5.14,42.66,65,70,13.87
2239862,Malanje,AO,-9.54,16.34,71.11,74,85,2.8
2027316,Ayan,RU,56.45,138.17,31.46,86,100,13.67
4033077,Vaitape,PF,-16.52,-151.75,79.86,77,6,5.7
135298,Esfarāyen,IR,37.08,57.51,46.4,20,0,4.7
1786538,Yining,CN,29.04,114.56,54.48,90,84,0.85
2020838,Lensk,RU,60.73,114.93,21.83,96,100,3.29
1500933,Labytnangi,RU,66.66,66.42,25.61,95,100,6.49
3603998,Paptalaya,HN,15.5,-84.32,83.62,83,64,5.82
1045114,Inhambane,MZ,-23.86,35.38,69.8,78,34,7.94
1337607,Kudahuvadhoo,MV,2.67,72.89,82.81,78,58,17.72
60019,Eyl,SO,7.98,49.82,81.46,74,10,14.61
5379759,Oroville,US,39.51,-121.56,80.33,27,1,3.36
6356315,Vic,ES,41.93,2.25,49.71,80,16,0.67
3361934,Saldanha,ZA,-33.01,17.94,62.6,77,97,12.75
653272,Kemijärvi,FI,66.71,27.43,33.24,95,100,14.61
3392862,Patu,BR,-6.11,-37.64,101.41,15,8,9.84
1214026,Sabang,ID,5.89,95.32,82.04,77,100,23.55
1259385,Port Blair,IN,11.67,92.75,77.13,92,100,15.08
5954718,Flin Flon,CA,54.77,-101.86,30.2,74,75,9.17
2090021,Namatanai,PG,-3.67,152.43,78.78,78,100,1.79
1633419,Padang,ID,-0.95,100.35,77.99,74,92,3.4
4845585,Westport,US,41.14,-73.36,58.28,31,1,12.75
337405,Gambēla,ET,8.25,34.58,73.06,81,30,2.95
4231997,Avera,US,33.19,-82.53,66.38,49,40,6.93
3483063,Xicoténcatl,MX,23.02,-98.88,83.66,49,0,8.99
1801615,Maba,CN,24.68,113.6,59.79,86,38,3.11
1489822,Tegul'det,RU,57.31,88.17,45.27,77,100,10.56
153955,Micheweni,TZ,-4.97,39.83,77.47,79,9,9.71
2025579,Chegdomyn,RU,51.12,133.02,32.76,95,98,5.95
6620339,Karratha,AU,-20.74,116.85,66.69,88,0,12.12
3416888,Grindavik,IS,63.84,-22.43,44.6,100,90,8.05
3440777,Rocha,UY,-34.48,-54.33,76.69,62,30,12.03
1635882,Mataram,ID,-8.58,116.12,75.2,94,40,8.1
5118743,Gloversville,US,43.05,-74.34,54.57,43,0,15.99
967106,Oudtshoorn,ZA,-33.59,22.2,60.8,87,75,4.7
3459495,Júlio de Castilhos,BR,-29.23,-53.68,77.7,45,84,8.72
217745,Bumba,CD,2.18,22.47,74.71,85,75,1.41
189280,Lodwar,KE,3.12,35.6,90.45,34,49,6.82
1806840,Huilong,CN,31.81,121.66,63.0,81,51,6.64
3577933,Chateaubelair,VC,13.28,-61.25,84.2,79,20,5.82
1651531,Ambon City,ID,-3.7,128.18,81.0,93,98,3.67
374739,Gogrial,SS,8.53,28.1,77.97,77,71,3.24
736716,Askós,GR,40.75,23.38,62.6,42,0,1.21
2152659,Port Macquarie,AU,-31.43,152.92,64.08,85,98,4.25
1489499,Togur,RU,58.36,82.83,47.75,71,99,15.43
4031742,Egvekinot,RU,66.32,-179.17,24.37,97,67,2.77
1061335,Mananjary,MG,-21.22,48.33,71.82,90,52,12.1
3844421,Mendoza,AR,-32.89,-68.83,93.2,21,0,20.8
3667478,Tame,CO,6.46,-71.73,87.06,58,87,3.44
1650434,Bambanglipuro,ID,-7.95,110.28,79.0,75,100,5.28
777682,Skjervøy,NO,70.03,20.97,38.98,71,59,6.26
3839307,Rawson,AR,-43.3,-65.1,71.91,22,19,11.21
2659700,Meiringen,CH,46.73,8.18,39.04,76,90,12.75
2391893,Savé,BJ,8.04,2.49,79.02,84,67,5.35
2409914,Bonthe,SL,7.53,-12.51,81.19,80,58,8.93
3617154,Puerto Cabezas,NI,14.04,-83.39,84.2,83,40,11.41
3458406,Louveira,BR,-23.09,-46.95,76.5,50,40,13.87
2025456,Chernyshevskiy,RU,63.01,112.47,15.71,98,66,2.26
2019935,Mnogovershinnyy,RU,53.94,139.92,28.13,98,69,3.65
3374333,Praia,CV,14.92,-23.51,86.0,66,3,8.05
1581349,Ha Giang,VN,22.83,104.98,67.03,78,88,3.0
5069297,Grand Island,US,40.92,-98.34,65.62,37,1,10.29
2127515,Wakkanai,JP,45.41,141.67,54.7,65,8,25.52
2392087,Porto-Novo,BJ,6.5,2.6,78.53,84,75,5.84
3521972,Panabá,MX,21.28,-88.27,84.02,79,0,11.61
2162683,Innisfail,AU,-17.53,146.03,70.48,86,21,4.38
2419992,Kankan,GN,10.39,-9.31,82.71,67,77,3.0
615460,Pitsunda,GE,43.16,40.34,64.18,93,0,2.24
1521315,Līsakovsk,KZ,52.54,62.49,41.81,65,58,7.47
1809498,Guilin,CN,25.28,110.29,62.6,82,40,2.24
1795632,Shenjiamen,CN,29.96,122.3,66.97,63,100,9.84
1794971,Shitanjing,CN,39.23,106.34,45.05,49,32,3.94
1214724,Langsa,ID,4.47,97.97,76.21,93,100,2.86
3433658,Gualeguaychú,AR,-33.01,-58.52,88.0,49,37,1.99
5768244,Rapid Valley,US,44.06,-103.15,32.29,73,90,19.46
734315,Siátista,GR,40.26,21.54,59.36,50,18,3.36
364933,Umm Kaddadah,SD,13.6,26.69,91.62,11,21,11.5
292968,Abu Dhabi,AE,24.47,54.37,83.43,58,1,5.82
3397068,Jundiá,BR,-8.93,-35.57,82.4,61,40,9.17
1489853,Tazovsky,RU,67.47,78.7,25.5,97,100,18.23
3115824,Muros,ES,42.78,-9.06,60.13,80,74,1.01
1861280,Itoman,JP,26.12,127.67,74.68,88,40,11.41
3924679,Vilhena,BR,-12.74,-60.15,97.7,27,28,3.22
4033557,Tautira,PF,-17.73,-149.15,80.6,74,75,2.24
304183,Bayir,TR,37.27,28.22,77.0,50,75,5.82
3905792,San Borja,BO,-14.82,-66.85,94.8,34,80,6.69
1048364,Chokwé,MZ,-24.53,32.98,76.87,54,6,6.55
145531,Saurimo,AO,-9.66,20.39,72.48,70,28,1.83
3833859,Tres Arroyos,AR,-38.37,-60.28,86.02,44,0,13.56
2156927,Moree,AU,-29.47,149.85,68.0,52,79,9.17
2126682,Bilibino,RU,68.05,166.44,22.64,96,100,4.18
3843123,Neuquén,AR,-38.95,-68.06,86.0,25,25,4.7
913029,Kapiri Mposhi,ZM,-13.97,28.68,72.61,41,0,6.8
1274699,Chandrakona,IN,22.73,87.52,81.16,76,4,0.74
3408368,Acaraú,BR,-2.89,-40.12,86.16,59,91,20.6
2016307,Solnechnyy,RU,50.72,136.63,33.64,90,96,3.53
